Name	PrimarySmtpAddress
[VER] EAMDev	ver_prddevsupport@accruent.com
[VER] EEformsubmit	ver_eeformsubmit@accruent.com
[VER] Energy	ver_energy@accruent.com
[VER] Enterprise Reports	ver_enterprise-reports@accruent.com
[VER] ExecutiveTeam	ver_executiveteam@accruent.com
[VER] Feedback	ver_feedback@accruent.com
[VER] Field All	ver_fieldall@accruent.com
[VER] FieldServices	ver_fieldservices@accruent.com
[VER] Fulfillment	ver_fulfillment@accruent.com
[VER] GridControl	ver_gridcontrol@accruent.com
[VER] Hara	ver_Hara@accruent.com
[VER] hostmaster	ver_hostmastser@accruent.com
[VER] HR	ver_hr@accruent.com
[VER] IT	ver_IT@accruent.com
[VER] JLPQueryStudio	ver_JLPQueryStudio@accruent.com
[VER] LM_INFRA	ver_lm_infra@accruent.com
[VER] LM_NOC	ver_lm_noc@accruent.com
[VER] LM_SYSOPS	ver_lm_sysops@accruent.com
[VER] Marketing group	ver_marketing@accruent.com
[VER] marketing	ver_marketing@hara.com
[VER] MinneapolisAll	ver_MinneapolisAll@accruent.com
[VER] Minneapoliscont	ver_mplscontractors@accruent.com
[VER] MobileBeta	ver_MobileBeta@accruent.com
[VER] NG Bailey Energy	ver_ngbenergy@accruent.com
[VER] NOBSsyncerrors	ver_nobs_sync_errors@accruent.com
[VER] NonUSNotificati	ver_NonUSNotifications@accruent.com
[VER] Onboard	ver_onboard@accruent.com
[VER] OperationsTeam	ver_ops@accruent.com
[VER] OWBRPT	ver_owb_rpt@accruent.com
[VER] particle_dev	ver_particle_dev@accruent.com
[VER] Partners	ver_partners@accruent.com
[VER] Product Marketing	ver_productmarketing@accruent.com
[VER] ProductionAlert	ver_prod_alert@accruent.com
[VER] ProductManageme	ver_Product-Management@accruent.com
[VER] Products	ver_products@accruent.com
[VER] ProfessionalSer	ver_profservices@accruent.com
[VER] QueryStudio	ver_QueryStudio@accruent.com
[VER] Reports	ver_reports@accruent.com
[VER] RWE - Phaseware	ver_rwe@accruent.com
[VER] SainsburyQueryS	ver_SBESAgent@accruent.com
[VER] SainsburysProje	ver_sainsburysteam@accruent.com
[VER] Sales group	ver_sales@accruent.com
[VER] Salesinfo	ver_salesinfo@accruent.com
[VER] SalesMarketing	ver_sales-marketing@accruent.com
[VER] SalesStrategy	ver_sales-strategy@accruent.com
[VER] SoftwareSupport	ver_softwaresupport@accruent.com
[VER] SolutionEnginee	ver_solutionengineering@accruent.com
[VER] SSL Managed Service	ver_sslmanagedservice@accruent.com
[VER] SSRSReportRecip	ver_SSRSReportRecipients@accruent.com
[VER] SSRSReports	ver_ssrs-reports@accruent.com
[VER] supportq	ver_supportq@accruent.com
[VER] Survey group	ver_survey@accruent.com
[VER] Survey Support	ver_surveysupport@accruent.com
[VER] SurveyFaxes	ver_BashasSurveyFaxes@accruent.com
[VER] SVNAdmin	ver_svn_admin@accruent.com
[VER] USNotifications	ver_USNotifications@accruent.com
[VER] Verisae All	ver_verisae@accruent.com
[VER] Verisae Asia	ver_VerisaeAsia@accruent.com
[VER] Verisae BI	ver_VerisaeBI@accruent.com
[VER] Verisae Cognos	ver_cognos@accruent.com
[VER] Verisae Consulting	ver_consulting@accruent.com
[VER] Verisae Engineering Minneapolis	ver_verisaeengineeringmsp@accruent.com
[VER] Verisae Europe	ver_verisaeeurope@accruent.com
[VER] Verisae JIRA	ver_jirateam@accruent.com
[VER] Verisae Minneapolis	ver_verisaempls@accruent.com
[VER] Verisae Release Notes	ver_releasenotes@accruent.com
[VER] Verisae Remote	ver_verisae_remote@accruent.com
[VER] Verisae Systems Admins	ver_veriadmin@accruent.com
[VER] Verisae Technical Support	ver_support@accruent.com
[VER] Verisae UK	ver_VerisaeUK@accruent.com
[VER] Verisae_QA	ver_verisae_qa@accruent.com
[VER] Verisae_Translators	ver_verisaetranslators@accruent.com
[VER] ViryanetAll	ver_viryanetall@accruent.com
[VER] ViryanetCore	ver_ViryanetCore@accruent.com
[VER] ViryanetFaxJeru	ver_VNFAXIL@accruent.com
[VER] ViryaNetFrontie	ver_FrontierTeam@accruent.com
[VER] ViryanetIsrael	ver_VNIL@accruent.com
[VER] ViryanetManagem	ver_VNManagement@accruent.com
[VER] ViryanetPSIL	ver_VNPS-IL@accruent.com
[VER] ViryanetPSManag	ver_VNPS-Mgmt@accruent.com
[VER] ViryanetPSUSA	ver_VNPS-NA@accruent.com
[VER] ViryanetRemote	ver_VNRemote@accruent.com
[VER] ViryanetResearc	ver_VNRD@accruent.com
[VER] ViryanetSpencer	ver_SpencerSupport@accruent.com
[VER] ViryanetSupport	ver_support@viryanet.com
[VER] ViryaNetSupport1	ver_eu-support@accruent.com
[VER] ViryanetTampa	ver_VNTampa@accruent.com
[VER] ViryanetWestbor	ver_vnWestborough@accruent.com
[VER] ViryanetWorkup	ver_Workup@accruent.com
[VER] viryOps	ver_viryOps@accruent.com
[VER] vx Field Outage Request	ver_vxfieldoutagerequest@accruent.com
[VER] vx Maintain Pod	ver_vxmaintainpod@accruent.com
[VER] vx Observe Pod	ver_vxobservepod@accruent.com
[VER] VX_Exceptions	ver_VX_Exceptions@accruent.com
[VER] vxField Internal	ver_vxfieldinternal@accruent.com
[VER] vxField Monitoring	ver_vxFieldMonitoring@accruent.com
[VER] vxField QA	ver_vxfieldqa@accruent.com
[VER] vxFieldServices	ver_vxFieldServices@accruent.com
[VER] WebexAdmin	ver_webexadmin@accruent.com
[VER] webmaster	ver_webmaster@accruent.com
[VER] WorkOasis	ver_WorkOasis@accruent.com
[VER] AccountManageme	ver_AccountManagement@accruent.com
[VER] AlbertsonsEfax	ver_ALBefax@accruent.com
[VER] Amazon Development	ver_aws_dev@accruent.com
[VER] BIL1Support	ver_BIL1support@accruent.com
[VER] BIL2ETL	ver_BIL2ETL@accruent.com
[VER] BIL2Reporting	ver_BIL2Reporting@accruent.com
[VER] BIProductionSup	ver_BIProductionSupport@accruent.com
[VER] ChristyEmail	ver_ChristyEmail@accruent.com
[VER] CodePush	ver_CodePush@accruent.com
[VER] Contact	ver_contact@accruent.com
[VER] Contracts	ver_contracts@accruent.com
[VER] Customer Support Agents	ver_csagents@accruent.com
[VER] DAB	ver_dab@accruent.com
[VER] dba-notify	ver_dba-notify@accruent.com
[VER] Deploy EAM	ver_deploy_eam@accruent.com
[VER] DevelopmentEAM	ver_developmentEAM@accruent.com
[VER] DevelopmentHara	ver_developmentharacybage@accruent.com
[VER] DevelopmentWOA	ver_DevelopmentWOA@accruent.com
[VER] Eam Problem Queries	ver_eam_problem_queries@accruent.com
